date,ticker,broker,buy_value,buy_lot,buy_avg,sell_value,sell_lot,sell_avg
2026-09-29,ENRG,LG,1800,39.8,486,1880,24.1,609
2026-09-29,ENRG,RB,200,1.3,593,325,5.6,621
2026-09-29,ENRG,MG,730,10.1,609,1810,7.1,636
2026-09-29,ENRG,LX,2100,6.4,609,2260,27.6,695
2026-09-29,ENRG,CC,450,5.1,621,390,3.8,634
2026-09-29,ENRG,YP,510,6.2,641,305,3.1,613
2026-09-29,ENRG,BK,180,2.1,558,90,1.1,590
2026-09-29,BUMI,RX,1200,40,150,500,18,168
2026-09-29,BUMI,LG,950,32,152,700,25,171
2026-09-29,BUMI,CC,800,30,156,600,22,169
2026-09-29,BUMI,YP,600,25,160,720,30,170
2026-09-29,BUMI,AK,450,18,158,300,13,166
2026-09-29,NCKL,RX,1800,21,930,700,8,1010
2026-09-29,NCKL,LG,1450,18,950,900,11,1020
2026-09-29,NCKL,CC,1100,14,970,950,12,1015
2026-09-29,NCKL,YP,900,11,985,1100,13,1030
2026-09-29,NCKL,AK,620,8,940,410,5,1005
